,session_id,year,numtesttaken,age_binned,generation,genderatbirth,genderidentitysimple,countrycitizenship,countryresidence,race,education,politicalidentity,parentsbiaswhite,parentsbiasblack,parentsbias,discrimination,STATE,MSANo,MSAName,CountyNo,County.No,StateCounty,explicitbias,explicitbias_binnedpositive,explicitbias_binnedboth,implicitbiaspositive,implicitbias,implicitbiasbinnedboth,implicitbiasbinnednumber,Diversity.Index,state,statename,county,cz,czname,hhinc_mean2000,mean_commutetime2000,frac_coll_plus2000,frac_coll_plus2010,foreign_share2010,med_hhinc2016,med_hhinc1990,poor_share2010,poor_share2000,poor_share1990,share_black2010,share_hisp2010,share_asian2010,share_black2000,share_white2000,share_hisp2000,share_asian2000,gsmn_math_g3_2013,rent_twobed2015,singleparent_share2010,singleparent_share1990,singleparent_share2000,traveltime15_2010,emp2000,mail_return_rate2010,ln_wage_growth_hs_grad,nonwhite_share2010,popdensity2010,popdensity2000,ann_avg_job_growth_2004_2013,job_density_2013,fips
1,1682830,2005,0,19 to 30,millenial,female,NA,USA,USA,white,bachelor's degree,moderately liberal,NA,NA,NA,NA,NY,99031,NY NONMETROPOLITAN AREA,99,99,NY 99,3,slightly biased,slightly biased towards african americans,0.094740657,-0.094740657,neutral,4,0.447941,36,NY,99,18000,Buffalo,66889.766,24.286358,0.17410794,0.17945264,0.020839389,50609.12241,28787.67828,0.13837893,0.11463457,0.10329156,0.048367422,0.027006326,0.005050178,0.027316308,0.93667245,0.020143971,0.005282271,2.654464,734.82526,0.36391515,0.19682331,0.291145,0.3692092,0.56391221,86.045364,0.099884205,0.092252702,108.89853,103.00119,-0.01069792,45.773155,01001
2,2633570953,2018,2,19 to 30,millenial,male,male,NA,NA,black or african american,high school,neutral,NA,NA,NA,NA,NY,35620,"New York-Northern New Jersey-Long Island, NY-NJ-PA MSA",47,47,NY 47,5,slightly biased,strongly biased towards european americans,0.258021829,0.258021829,slightly biased towards european americans,5,0.079915,36,NY,47,19400,New York,64814.039,45.589603,0.2028892,0.27129218,0.37457007,53364.21924,26244.73227,0.22150365,0.2529808,0.22644289,0.32755899,0.1981415,0.089471929,0.34601393,0.34931022,0.20307076,0.069181368,3.219661,1355.4279,0.39768064,0.36989343,0.4057833,0.10122139,0.48823169,66.318954,0.060591646,0.6433481,38372.68,37769.23,0.01313256,15515.217,21003
3,2617827987,2015,1,19 to 30,millenial,female,female,USA,USA,white,NA,moderately liberal,NA,NA,NA,NA,MN,33460,"Minneapolis-St. Paul-Bloomington, MN-WI MSA",123,123,MN 123,6,moderately biased,moderately biased towards european americans,0.257749201,-0.257749201,slightly biased towards african americans,1,0.538819,27,MN,123,21501,Minneapolis,84560.805,22.862381,0.33642298,0.37874514,0.12997077,60197.58314,33714.9624,0.15983391,0.10618161,0.11545303,0.12322468,0.071726568,0.031776823,0.084192954,0.75586677,0.052253239,0.027243197,3.6881881,994.80951,0.35437825,0.25906146,0.32028902,0.26553291,0.66808891,83.677902,0.042306356,0.3311694,3407.9961,3424.1233,-0.000479862,1719.3998,01005
4,2630520690,2017,1,31 to 50,gen-x,female,female,USA,USA,NA,bachelor's degree,strongly liberal,NA,NA,NA,NA,AZ,38060,"Phoenix-Mesa-Scottsdale, AZ MSA",13,13,AZ 13,4,neutral,neutral,0.289537589,0.289537589,slightly biased towards european americans,5,0.571908,4,AZ,13,35001,Phoenix,87085.352,28.774229,0.24099492,0.28014687,0.15783997,61673.77731,34279.27942,0.13974999,0.10939498,0.12313591,0.054241721,0.29570511,0.030151838,0.037874382,0.67265862,0.24329975,0.017986612,3.460727,947.11792,0.32326698,0.21724987,0.26717901,0.2277379,0.61964482,76.763077,0.002990651,0.41315526,472.97501,380.66537,0.004566279,193.6635,01007
5,2633657874,2018,1,31 to 50,millenial,male,male,NA,NA,white,bachelor's degree,moderately conservative,NA,NA,NA,NA,CA,40900,"Sacramento-Arden-Arcade-Roseville, CA MSA",67,67,CA 67,5,slightly biased,strongly biased towards european americans,0.53639095,0.53639095,moderately biased towards european americans,6,0.687281,6,CA,67,37400,Sacramento,85105.57,27.044275,0.25021568,0.27216095,0.19658923,61904.74163,36665.4893,0.13777713,0.13285488,0.11064725,0.11565576,0.21581519,0.10825697,0.10413976,0.58354032,0.15636206,0.088048458,2.1885769,1046.3677,0.34511268,0.26272488,0.32548022,0.23123708,0.59615463,77.939339,-0.025846407,0.5156669,1470.7938,1268.875,-0.000422516,642.55511,01009
6,16880406,2012,0,51 to 70,boomers,female,NA,USA,USA,white,master's degree,slightly liberal,NA,NA,NA,NA,MA,38340,"Pittsfield, MA MSA",13,13,MA 13,4,neutral,neutral,0.800783793,0.800783793,strongly biased towards european americans,7,0.503566,25,MA,13,20800,Springfield,72949.719,23.02643,0.20068736,0.23111835,0.087521233,55405.08448,32687.05924,0.17220765,0.14554071,0.12132776,0.085447364,0.20879847,0.015040872,0.08010146,0.74665505,0.15006824,0.011014123,3.7924411,942.84338,0.404585,0.28245342,0.36848643,0.32051939,0.58443469,80.79718,0.059244942,0.32286349,751.02527,739.27814,-0.005657556,325.56635,01011
7,3468075,2006,2,51 to 70,boomers,female,NA,USA,USA,white,master's degree,moderately liberal,NA,NA,NA,NA,CA,41860,"San Francisco-Oakland-Fremont, CA MSA",81,81,CA 81,3,slightly biased,slightly biased towards african americans,0.254122819,-0.254122819,slightly biased towards african americans,1,0.691029,6,CA,81,37800,San Francisco,132195.8,28.823751,0.37923029,0.43202016,0.33965597,105958.6682,49346.72885,0.07008975,0.057985399,0.064557701,0.032088481,0.2540215,0.23401131,0.037688915,0.50144452,0.21666455,0.19291997,3.2493401,1931.4971,0.20583268,0.18818636,0.20900713,0.24992427,0.64299297,78.84285,0.033942379,0.57741165,1613.2097,1587.8591,0.015792876,883.33148,01013
8,2629118853,2017,4,19 to 30,millenial,female,female,USA,USA,white,bachelor's degree,strongly liberal,NA,NA,NA,NA,WA,42660,"Seattle-Tacoma-Bellevue, WA MSA",33,NA,WA 33,4,neutral,neutral,0.387298637,0.387298637,moderately biased towards european americans,6,NA,53,WA,33,39400,Seattle,102477.52,28.489254,0.39446244,0.44656727,0.19846894,84242.34941,38444.27562,0.10512865,0.084552154,0.081610419,0.072840944,0.089257263,0.12712276,0.061579172,0.73749071,0.054138642,0.093793891,4.2284193,1323.8774,0.26497507,0.23420194,0.26998338,0.20802963,0.66959685,79.209801,0.043369196,0.35207734,912.87622,821.10291,0.015059717,510.35776,01015
9,7255069,2007,0,19 to 30,gen-x,female,NA,USA,not USA,white,bachelor's degree,neutral,NA,NA,NA,NA,AE,0,DPO AE,601,NA,AE 601,4,neutral,neutral,0.426101133,0.426101133,moderately biased towards european americans,6,NA,NA,NA,NA,NA,NA,NA,NA,NA,NA,NA,NA,NA,NA,NA,NA,NA,NA,NA,NA,NA,NA,NA,NA,NA,NA,NA,NA,NA,NA,NA,NA,NA,NA,NA,NA,NA,01017
10,2624950853,2016,1,18 or less,gen-z,female,female,not USA,not USA,white,high school,neutral,NA,NA,NA,NA,NE,36540,"Omaha-Council Bluffs, NE-IA MSA",55,NA,NE 55,4,neutral,neutral,0.923417608,0.923417608,strongly biased towards european americans,7,NA,31,NE,55,28202,Omaha,90570.719,20.338055,0.31909069,0.35457596,0.082687341,62690.78177,35099.05836,0.13444461,0.090901129,0.094889149,0.12690917,0.11178279,0.01951528,0.10686413,0.80085188,0.062782727,0.014702268,3.0446327,901.92926,0.33210871,0.24032767,0.28535432,0.33720303,0.6827817,80.35009,0.02697726,0.28056121,1574.3805,1411.4196,0.00927216,836.30841,01019
11,2617347677,2015,0,51 to 70,boomers,male,male,USA,USA,white,NA,strongly conservative,NA,NA,NA,NA,AZ,49740,"Yuma, AZ MSA",27,27,AZ 27,3,slightly biased,slightly biased towards african americans,0.5624488,-0.5624488,moderately biased towards african americans,2,0.512612,4,AZ,27,38100,Yuma,61590.945,21.910822,0.11092895,0.13146718,0.26325345,44266.24319,23205.84497,0.20879522,0.19302461,0.20463972,0.019729145,0.59724855,0.010685386,0.019321099,0.42011598,0.53383905,0.008209252,2.959877,734.36005,0.3422299,0.18912373,0.25158876,0.3816002,0.42603901,74.589134,-0.12004873,0.64739901,59.591541,48.714886,0.01427414,12.797804,01021
12,2621283680,2016,0,19 to 30,gen-z,female,female,not USA,not USA,white,NA,strongly conservative,parents not biased,parents not biased,parents not biased,NA,PA,37980,"Philadelphia-Camden-Wilmington, PA-NJ-DE-MD MSA",45,NA,PA 45,5,slightly biased,strongly biased towards european americans,0.595046704,0.595046704,moderately biased towards european americans,6,NA,42,PA,45,19700,Philadelphia,96802.633,28.952147,0.30460754,0.34839413,0.085392766,74375.95539,41144.46413,0.094208747,0.078973643,0.064897984,0.20335469,0.029584296,0.039337892,0.14357568,0.80097997,0.014751173,0.029855551,3.610153,1121.8416,0.30359122,0.17125537,0.24721521,0.23971255,0.60456723,80.586945,0.039336454,0.28901801,3086.9175,3042.1221,0.002513981,1468.6396,01023
13,2615119507,2014,0,18 or less,gen-z,male,NA,USA,USA,white,high school,moderately liberal,NA,NA,NA,NA,CA,31100,"Los Angeles-Long Beach-Santa Ana, CA MSA",37,37,CA 37,4,neutral,neutral,0.519198045,0.519198045,moderately biased towards european americans,6,0.661865,6,CA,37,38300,Los Angeles,83478.172,31.337164,0.2279837,0.27022794,0.35582337,63038.5258,37275.72592,0.15765688,0.17763619,0.14763606,0.089270525,0.4774496,0.12126098,0.10030666,0.31793711,0.43919328,0.1056642,2.5667319,1402.0892,0.31879345,0.25782397,0.29217663,0.20240402,0.5520429,75.715919,0.030774586,0.72212744,2427.7913,2353.7732,0.000927187,1104.6559,01025
14,2635139555,2018,1,19 to 30,millenial,male,male,USA,USA,multiracial,bachelor's degree,moderately liberal,NA,NA,NA,NA,WA,42660,"Seattle-Tacoma-Bellevue, WA MSA",33,NA,WA 33,3,slightly biased,slightly biased towards african americans,0.364919026,-0.364919026,moderately biased towards african americans,2,NA,53,WA,33,39400,Seattle,102477.52,28.489254,0.39446244,0.44656727,0.19846894,84242.34941,38444.27562,0.10512865,0.084552154,0.081610419,0.072840944,0.089257263,0.12712276,0.061579172,0.73749071,0.054138642,0.093793891,4.2284193,1323.8774,0.26497507,0.23420194,0.26998338,0.20802963,0.66959685,79.209801,0.043369196,0.35207734,912.87622,821.10291,0.015059717,510.35776,01027
15,2624561673,2016,2,19 to 30,millenial,female,female,not USA,not USA,white,bachelor's degree,neutral,NA,NA,NA,NA,NY,99031,NY NONMETROPOLITAN AREA,101,101,NY 101,5,slightly biased,strongly biased towards european americans,0.918590519,0.918590519,strongly biased towards european americans,7,0.284601,36,NY,101,18100,Elmira,65875.891,22.802544,0.17831038,0.19934207,0.024108209,49325.32082,25878.63855,0.13513374,0.13186236,0.13503017,0.020951612,0.013849884,0.01009935,0.015975267,0.95864695,0.008095183,0.008288165,2.9343429,671.00067,0.30471632,0.20704903,0.31097779,0.42128706,0.57951456,83.80719,0.15724418,0.055702601,71.187096,70.997559,0.001417814,30.081385,01029
16,2631644374,2017,1,18 or less,gen-z,female,female,not USA,USA,white,bachelor's degree,moderately liberal,NA,NA,NA,NA,CA,31100,"Los Angeles-Long Beach-Santa Ana, CA MSA",37,37,CA 37,4,neutral,neutral,0.790545844,0.790545844,strongly biased towards european americans,7,0.661865,6,CA,37,38300,Los Angeles,83478.172,31.337164,0.2279837,0.27022794,0.35582337,63038.5258,37275.72592,0.15765688,0.17763619,0.14763606,0.089270525,0.4774496,0.12126098,0.10030666,0.31793711,0.43919328,0.1056642,2.5667319,1402.0892,0.31879345,0.25782397,0.29217663,0.20240402,0.5520429,75.715919,0.030774586,0.72212744,2427.7913,2353.7732,0.000927187,1104.6559,01031
17,398646,2003,1,19 to 30,gen-x,female,NA,USA,NA,white,bachelor's degree,NA,NA,NA,NA,NA,KY,17140,"Cincinnati-Middletown, OH-KY-IN MSA",117,117,KY 117,3,slightly biased,slightly biased towards african americans,0.147693176,0.147693176,slightly biased towards european americans,5,0.332459,21,KY,117,12701,Cincinnati,82727.172,24.445152,0.22514041,0.27406412,0.026527934,58856.1153,33507.34914,0.11401735,0.084841162,0.088806145,0.056060605,0.026452541,0.007439505,0.037344124,0.93852144,0.010753985,0.005483871,3.6028631,779.62842,0.31089726,0.20513864,0.27405509,0.26812941,0.6752001,82.64669,0.058554538,0.10199099,996.68024,945.16138,-0.000210469,493.62878,01033
18,2619533713,2015,NA,31 to 50,millenial,male,male,USA,not USA,white,NA,NA,parents biased towards white,parents biased towards black,parents biased towards black or white,NA,FL,45300,"Tampa-St. Petersburg-Clearwater, FL",101,101,FL 101,6,moderately biased,moderately biased towards european americans,0.488222416,0.488222416,moderately biased towards european americans,6,0.36786,12,FL,101,6700,Tampa,67390.969,31.899729,0.15230551,0.20808277,0.093199238,50243.30101,23745.7197,0.12146442,0.098373927,0.11000627,0.047355589,0.11735819,0.018795975,0.021817824,0.89636242,0.058724135,0.009459618,2.9597173,917.59332,0.29276869,0.19507188,0.27859846,0.23986128,0.50935078,82.850426,-0.014375304,0.19896406,622.18097,461.60358,0.01855246,260.07654,01035
19,6250658,2007,1,18 or less,millenial,male,NA,USA,USA,white,high school,slightly conservative,NA,NA,NA,NA,ME,12620,"Bangor, ME MSA",19,19,ME 19,4,neutral,neutral,0.2572195,-0.2572195,slightly biased towards african americans,1,0.110057,23,ME,19,20001,Bangor,63117.125,22.105282,0.21268457,0.24638335,0.026863432,47007.43593,26908.97825,0.15813424,0.14282504,0.13229415,0.010947032,0.010524743,0.008021347,0.006811791,0.96214896,0.006134845,0.006547129,3.6790757,774.99567,0.31994128,0.2218658,0.29994649,0.38805079,0.60579139,79.981697,0.062665008,0.05342282,45.306637,42.656345,0.004309284,21.959103,01037
20,13612052,2010,1,19 to 30,millenial,female,NA,USA,USA,multiracial,bachelor's degree,moderately liberal,NA,NA,NA,NA,NE,99027,NE NONMETROPOLITAN AREA,185,NA,NE 185,4,neutral,neutral,0.785343806,-0.785343806,strongly biased towards african americans,3,NA,31,NE,185,27902,York,63927.754,14.179675,0.17190833,0.21567622,0.023513943,54296.25064,25618.2052,0.071142986,0.084688365,0.065704055,0.013830955,0.040614709,0.00424442,0.011583912,0.96188581,0.01437219,0.005910664,3.6948044,581.39319,0.23300499,0.12100612,0.18898264,0.65194064,0.6378479,85.399879,NA,0.068788879,23.86858,25.498245,-0.008303685,12.640827,01039
21,13919861,2010,0,18 or less,millenial,male,NA,not USA,USA,east asian,high school,slightly liberal,NA,NA,NA,NA,NY,35620,"New York-Northern New Jersey-Long Island, NY-NJ-PA MSA",59,59,NY 59,5,slightly biased,strongly biased towards european americans,0.994167373,0.994167373,strongly biased towards european americans,7,0.32261,36,NY,59,19400,New York,131812.19,36.280338,0.35124692,0.41171694,0.20669137,106339.7665,57069.14519,0.050310183,0.052871875,0.03851565,0.11064386,0.14583825,0.066836149,0.10537945,0.73589164,0.10045613,0.043701556,4.0477076,1681.0819,0.17379619,0.12647927,0.15761285,0.21791899,0.60546988,76.908844,0.033473067,0.34506306,4704.8667,4687.3438,0.000381551,2303.6895,01041
22,2631276034,2017,3,18 or less,gen-z,male,male,USA,USA,white,high school,neutral,NA,NA,NA,NA,SD,99039,SD NONMETROPOLITAN AREA,11,11,SD 11,4,neutral,neutral,0.261361416,0.261361416,slightly biased towards european americans,5,0.168155,46,SD,11,26501,Brookings,64044.879,15.083728,0.34031495,0.39236996,0.039250273,52940.42675,21651.79434,0.20493145,0.14607252,0.18647145,0.011074613,0.019896762,0.022545544,0.00456252,0.95827043,0.008764716,0.01183725,3.8068573,697.83392,0.26468226,0.17805409,0.21381553,0.70236224,0.71245754,83.310318,0.007647607,0.076708913,40.349354,35.622047,-0.002748236,21.594131,01043
23,7790036,2008,0,19 to 30,millenial,male,NA,USA,USA,white,master's degree,slightly liberal,NA,NA,NA,NA,AZ,38060,"Phoenix-Mesa-Scottsdale, AZ MSA",13,13,AZ 13,4,neutral,neutral,0.805018694,0.805018694,strongly biased towards european americans,7,0.571908,4,AZ,13,35001,Phoenix,87085.352,28.774229,0.24099492,0.28014687,0.15783997,61673.77731,34279.27942,0.13974999,0.10939498,0.12313591,0.054241721,0.29570511,0.030151838,0.037874382,0.67265862,0.24329975,0.017986612,3.460727,947.11792,0.32326698,0.21724987,0.26717901,0.2277379,0.61964482,76.763077,0.002990651,0.41315526,472.97501,380.66537,0.004566279,193.6635,01045
24,2631366619,2017,3,31 to 50,millenial,female,female,USA,USA,white,bachelor's degree,neutral,NA,NA,NA,NA,MN,99023,MN NONMETROPOLITAN AREA,85,85,MN 85,4,neutral,neutral,0.187077194,-0.187077194,slightly biased towards african americans,1,0.143207,27,MN,85,21201,Hutchinson,75819.414,21.66691,0.15501705,0.18338729,0.029051697,58063.61483,29819.77355,0.065374024,0.048140276,0.074669741,0.00777605,0.04941202,0.005584073,0.003091559,0.94931495,0.035709117,0.004548562,4.5731754,678.07526,0.21999791,0.13470291,0.20465784,0.50126052,0.70002675,88.215698,0.070727192,0.072194479,74.574081,71.00724,-0.000229027,38.453949,01047
25,2635901303,2018,1,19 to 30,millenial,male,male,USA,USA,NA,bachelor's degree,slightly liberal,NA,NA,NA,NA,GA,12060,"Atlanta-Sandy Springs-Marietta, GA MSA",67,67,GA 67,3,slightly biased,slightly biased towards african americans,0.048130916,-0.048130916,neutral,4,0.609575,13,GA,67,9100,Atlanta,108499.29,33.612129,0.390971,0.43144307,0.15213113,75376.34042,44333.30502,0.10692859,0.062885694,0.054681361,0.25500017,0.12255878,0.038237125,0.18935232,0.69463181,0.073426761,0.026171027,3.6252167,944.4494,0.29366392,0.16903463,0.24448676,0.18455258,0.70557582,78.033379,-0.17588948,0.4369272,2026.4469,1789.7855,0.005225177,1068.4172,01049
26,2626264176,2017,2,19 to 30,gen-z,male,male,not USA,USA,white,bachelor's degree,strongly liberal,NA,NA,NA,NA,MI,11460,"Ann Arbor, MI MSA",161,161,MI 161,5,slightly biased,strongly biased towards european americans,0.652023839,0.652023839,strongly biased towards european americans,7,0.463465,26,MI,161,11600,Detroit,101256.01,24.055838,0.49949822,0.52986491,0.11109026,70290.4193,39774.68875,0.15161103,0.12465864,0.11586671,0.13980064,0.040198267,0.06915392,0.12432782,0.76608193,0.026956379,0.05710306,3.6595311,1034.4025,0.2722649,0.20099038,0.25647637,0.30586496,0.67727154,82.577698,-0.13200407,0.27876598,488.3988,457.38443,-0.004141141,245.08118,01051
27,2624985960,2016,1,31 to 50,millenial,male,male,not USA,not USA,white,master's degree,moderately liberal,NA,NA,NA,NA,CA,37100,"Oxnard-Thousand Oaks-Ventura, CA MSA",111,111,CA 111,4,neutral,neutral,0.536234228,0.536234228,moderately biased towards european americans,6,0.596774,6,CA,111,38300,Los Angeles,106789.06,26.789948,0.2584337,0.29672334,0.23021252,82697.31655,46347.11446,0.09454146,0.092248425,0.073174424,0.020586213,0.40272045,0.062487751,0.0214206,0.56090522,0.34023383,0.050301023,2.3496952,1453.4691,0.25181341,0.17767815,0.22543587,0.29941449,0.62125987,77.822433,-0.055636503,0.5131067,446.69363,408.67273,0.002677865,216.89586,01053
28,12101450,2009,0,19 to 30,millenial,female,NA,USA,USA,white,bachelor's degree,neutral,NA,NA,NA,NA,FL,33100,"Miami-Fort Lauderdale-Pompano Beach, FL MSA",11,11,FL 11,4,neutral,neutral,0.914350307,0.914350307,strongly biased towards european americans,7,0.678237,12,FL,11,7000,Miami,86581.609,29.447927,0.25102097,0.29615119,0.30910385,60389.15243,34145.98527,0.12205733,0.11162425,0.091194563,0.26796356,0.25070393,0.027431723,0.21021809,0.57435203,0.17750758,0.02112494,3.3961008,1271.0092,0.34883082,0.23066656,0.31994858,0.20285887,0.60460097,77.901672,0.025692392,0.56476641,1444.9298,1341.6156,0.003480627,750.91937,01055
29,2622421736,2016,0,51 to 70,boomers,female,female,not USA,not USA,multiracial,NA,moderately liberal,NA,NA,NA,NA,OH,17460,"Cleveland-Elyria-Mentor, OH MSA",35,35,OH 35,5,slightly biased,strongly biased towards european americans,0.969021769,0.969021769,strongly biased towards european americans,7,0.537606,39,OH,35,15200,Cleveland,79952.836,25.866383,0.25680453,0.28063762,0.070616566,52604.02234,32935.78482,0.16242677,0.12122345,0.11970609,0.30339766,0.047862627,0.023714449,0.24689855,0.69077796,0.032590877,0.017925836,3.1574433,807.67444,0.41731969,0.26357597,0.34804177,0.24554564,0.59058774,78.02182,0.04659481,0.38601398,2825.2029,3076.4797,-0.008539544,1265.6538,01057
30,8873918,2008,0,19 to 30,millenial,male,NA,USA,USA,white,bachelor's degree,strongly conservative,NA,NA,NA,NA,CA,23420,"Fresno, CA MSA",19,19,CA 19,7,strongly biased,slightly biased towards european americans,0.90742114,0.90742114,strongly biased towards european americans,7,0.618892,6,CA,19,37200,Fresno,68815.469,23.62508,0.1717933,0.18458092,0.21869989,48992.47628,29521.03111,0.2259327,0.21720417,0.19490913,0.053804073,0.50305766,0.044717565,0.05276965,0.40972978,0.429416,0.038056333,2.339963,869.87976,0.34569141,0.26924562,0.30480614,0.2903457,0.53276557,75.607506,0.058558449,0.67271537,156.16829,134.07433,0.00529942,63.754658,01059
31,2620472076,2016,1,51 to 70,gen-x,female,female,not USA,not USA,white,NA,slightly liberal,parents biased towards white,parents biased towards black,parents biased towards black or white,NA,IN,21140,"Elkhart-Goshen, IN MSA",39,39,IN 39,5,slightly biased,strongly biased towards european americans,0.601858045,0.601858045,moderately biased towards european americans,6,0.391267,18,IN,39,13700,Concord,79644.266,19.680573,0.15346746,0.17860785,0.082647897,50554.22821,32068.09867,0.13694561,0.074922286,0.066339418,0.066577576,0.14115277,0.005935255,0.052404441,0.84450811,0.083320245,0.006078076,3.5238914,708.51733,0.30837473,0.18344215,0.26055667,0.3852016,0.68986517,80.852264,0.042769901,0.22780031,426.53577,394.65121,-0.004027831,198.20973,01061
32,2625499636,2016,1,above 70,silent,male,male,not USA,not USA,white,master's degree,moderately liberal,NA,NA,NA,NA,AR,99004,AR NONMETROPOLITAN AREA,115,115,AR 115,5,slightly biased,strongly biased towards european americans,0.843856619,0.843856619,strongly biased towards european americans,7,0.264304,5,AR,115,30000,Russellville,60277.609,20.858665,0.18651241,0.19899012,0.032348283,41897.18146,22717.54421,0.18831782,0.15618387,0.15408812,0.033244811,0.067493603,0.006881623,0.028975978,0.9262014,0.020907653,0.004226835,3.8357649,588.1601,0.27784798,0.16136982,0.25147533,0.45285526,0.58407712,79.174629,0.051174376,0.13095509,76.000435,67.034805,0.006213525,33.81831,01063
33,2614052948,2014,0,19 to 30,millenial,female,NA,USA,USA,white,bachelor's degree,moderately conservative,NA,NA,NA,NA,WV,16620,"Charleston, WV MSA",79,79,WV 79,4,neutral,neutral,0.861480722,0.861480722,strongly biased towards european americans,7,0.111369,54,WV,79,16901,Charleston,76473.555,28.523216,0.20035711,0.23557781,0.012449287,58528.6757,28308.34086,0.10551509,0.092744306,0.11615799,0.013156472,0.008722921,0.006510119,0.006959705,0.97607082,0.005112333,0.005036382,3.7088923,683.06293,0.21820828,0.13462819,0.19186148,0.22579384,0.59573317,77.907898,0.13381371,0.038009588,160.51772,149.24393,-0.001709704,70.833656,01065
34,2413801,2005,0,19 to 30,millenial,male,NA,USA,USA,other or unknown,bachelor's degree,moderately liberal,NA,NA,NA,NA,NM,10740,"Albuquerque, NM MSA",1,1,NM 1,3,slightly biased,slightly biased towards african americans,0.448260721,0.448260721,moderately biased towards european americans,6,0.591041,35,NM,1,34901,Albuquerque,75373.859,23.318335,0.2854943,0.30431655,0.11068848,52500.17744,30457.11536,0.15688731,0.13631694,0.13989578,0.030336691,0.47857869,0.020526277,0.028867537,0.46680337,0.43274039,0.016813975,2.6071255,841.99225,0.37526473,0.25974607,0.34906775,0.26566544,0.61376739,76.353424,0.058117319,0.58515406,570.76697,479.06363,0.004838723,257.54395,01067
35,11055558,2009,0,19 to 30,millenial,female,NA,USA,USA,white,bachelor's degree,moderately liberal,NA,NA,NA,NA,TX,41700,"San Antonio, TX MSA",29,29,TX 29,4,neutral,neutral,0.685530693,0.685530693,strongly biased towards european americans,7,0.555597,48,TX,29,31301,San Antonio,78140.641,25.90934,0.23986003,0.25171265,0.12672378,56616.86713,30808.38718,0.16890016,0.14226869,0.15973884,0.07457722,0.58722526,0.021045007,0.073373571,0.39181882,0.50440049,0.016134987,2.958662,925.1131,0.34920961,0.22614692,0.29567766,0.22197831,0.58735728,76.190109,0.06533201,0.69726431,1387.3186,1126.9375,0.021627864,649.24335,01069
36,3669131,2006,0,19 to 30,millenial,male,NA,USA,USA,white,bachelor's degree,neutral,NA,NA,NA,NA,WI,11540,"Appleton, WI MSA",87,87,WI 87,3,slightly biased,slightly biased towards african americans,0.889378302,0.889378302,strongly biased towards european americans,7,0.098388,55,WI,87,22500,Oshkosh,86962.328,19.36725,0.22793262,0.26004341,0.039250098,61886.69039,35279.16052,0.084886767,0.044251353,0.055608988,0.014476923,0.035988569,0.009172208,0.006611918,0.93315935,0.018674305,0.005295378,3.5607338,729.61707,0.23932581,0.13626577,0.18475643,0.3770662,0.70698279,88.203362,0.082497619,0.10373243,277.15863,252.50043,0.004649719,148.03073,01071
37,2634017401,2018,1,51 to 70,boomers,male,male,NA,NA,white,PhD+,strongly liberal,NA,NA,NA,NA,NY,39100,"Poughkeepsie-Newburgh-Middletown, NY MSA",27,27,NY 27,3,slightly biased,slightly biased towards african americans,0.112347498,0.112347498,slightly biased towards european americans,5,0.436062,36,NY,27,19300,Poughkeepsie,95510.469,30.692162,0.27877507,0.32143351,0.11108149,75497.89556,43901.2874,0.086500511,0.075059645,0.051818304,0.10238396,0.1051034,0.030925963,0.090491526,0.81138164,0.061632428,0.023659924,3.0346751,1316.9412,0.24483471,0.15810011,0.23390321,0.29021248,0.61035264,76.652771,-0.078986704,0.25438339,373.95743,352.15933,-0.002674565,170.78542,01073
38,2616807398,2015,0,19 to 30,millenial,male,male,USA,USA,south asian,NA,slightly conservative,NA,NA,NA,NA,MI,11460,"Ann Arbor, MI MSA",161,161,MI 161,4,neutral,neutral,0.276311777,0.276311777,slightly biased towards european americans,5,0.463465,26,MI,161,11600,Detroit,101256.01,24.055838,0.49949822,0.52986491,0.11109026,70290.4193,39774.68875,0.15161103,0.12465864,0.11586671,0.13980064,0.040198267,0.06915392,0.12432782,0.76608193,0.026956379,0.05710306,3.6595311,1034.4025,0.2722649,0.20099038,0.25647637,0.30586496,0.67727154,82.577698,-0.13200407,0.27876598,488.3988,457.38443,-0.004141141,245.08118,01075
39,2623819222,2016,1,19 to 30,millenial,female,female,not USA,not USA,white,NA,moderately liberal,NA,NA,NA,NA,WA,42660,"Seattle-Tacoma-Bellevue, WA MSA",33,NA,WA 33,4,neutral,neutral,0.688316886,0.688316886,strongly biased towards european americans,7,NA,53,WA,33,39400,Seattle,102477.52,28.489254,0.39446244,0.44656727,0.19846894,84242.34941,38444.27562,0.10512865,0.084552154,0.081610419,0.072840944,0.089257263,0.12712276,0.061579172,0.73749071,0.054138642,0.093793891,4.2284193,1323.8774,0.26497507,0.23420194,0.26998338,0.20802963,0.66959685,79.209801,0.043369196,0.35207734,912.87622,821.10291,0.015059717,510.35776,01077
40,386945,2003,1,19 to 30,millenial,female,NA,USA,NA,white,bachelor's degree,NA,NA,NA,NA,NA,MA,14460,"Boston-Cambridge-Quincy, MA-NH MSA",25,25,MA 25,3,slightly biased,slightly biased towards african americans,0.060462326,0.060462326,neutral,4,0.660503,25,MA,25,20500,Boston,74447.125,31.292833,0.32151991,0.38624302,0.27541798,59122.28747,29028.67395,0.21463344,0.19909905,0.19011846,0.21168162,0.19868481,0.073584639,0.2176702,0.52764255,0.15433732,0.065802492,3.089983,1490.9547,0.45974419,0.37752664,0.41993484,0.18614285,0.57614273,70.233681,0.069003142,0.51943499,12557.358,11998.106,0.020532893,6562.6729,01079
41,2684080,2005,1,51 to 70,boomers,male,NA,USA,USA,black or african american,bachelor's degree,neutral,NA,NA,NA,NA,NV,29820,"Las Vegas-Paradise, NV MSA",3,NA,NV 3,1,strongly biased,strongly biased towards african americans,0.844566727,-0.844566727,strongly biased towards african americans,3,NA,32,NV,3,37901,Las Vegas,88646.727,26.185705,0.1812764,0.21295805,0.21958067,55741.46282,36697.43222,0.11632331,0.089422546,0.082302757,0.11200147,0.29142267,0.078215308,0.084275857,0.65095478,0.18116817,0.049002688,2.7916155,967.70703,0.34450179,0.21993235,0.29185984,0.20279732,0.62419021,74.479736,-0.031156579,0.52033526,247.26425,174.33546,0.015028058,114.92756,01081
42,2623207059,2016,2,19 to 30,millenial,male,male,not USA,not USA,white,NA,moderately liberal,NA,NA,NA,NA,MI,28020,"Kalamazoo-Portage, MI MSA",77,77,MI 77,5,slightly biased,strongly biased towards european americans,0.683503112,0.683503112,strongly biased towards european americans,7,0.361184,26,MI,77,12100,Kalamazoo,80484.391,21.198456,0.31894806,0.33560094,0.044112958,52640.22579,33585.46353,0.19467276,0.1248446,0.12523361,0.12407573,0.039783325,0.017517529,0.09905342,0.8427667,0.025696298,0.015850682,2.8088048,779.59094,0.35623446,0.24523734,0.31756514,0.36166495,0.65253228,83.148407,-0.048784718,0.20087005,445.70163,424.82053,-0.006843763,207.12856,01083
43,4130396,2006,0,18 or less,millenial,male,NA,USA,USA,white,high school,slightly conservative,NA,NA,NA,NA,MO,28140,"Kansas City, MO-KS MSA",95,95,MO 95,3,slightly biased,slightly biased towards african americans,0.254640112,0.254640112,slightly biased towards european americans,5,0.066493,29,MO,95,29502,Kansas City,77039.25,25.308908,0.23907128,0.26347521,0.05451946,53386.61454,31569.21627,0.15481032,0.10982671,0.11352663,0.25068012,0.08371035,0.01310942,0.21027105,0.70970523,0.05058891,0.011071973,2.6986544,840.68707,0.41335854,0.27291471,0.36254933,0.26016948,0.63709807,79.469612,0.006967055,0.36724922,1120.2621,1088.1908,0.003116381,539.52429,01085
44,2630000305,2017,1,18 or less,gen-z,male,male,USA,USA,multiracial,high school,neutral,NA,NA,NA,NA,MI,29620,"Lansing-East Lansing, MI MSA",65,65,MI 65,4,neutral,neutral,0.718691379,0.718691379,strongly biased towards european americans,7,0.460696,26,MI,65,11700,Lansing,76231.516,21.412691,0.35310072,0.36130902,0.082616203,50037.61766,32017.16779,0.21665664,0.16717064,0.14874519,0.13252994,0.073073566,0.041499503,0.11383309,0.77648151,0.056013476,0.02900169,2.9563293,841.80963,0.34140828,0.27438572,0.33113042,0.38282919,0.64976889,83.014153,-0.11603961,0.27567595,511.80881,508.93973,-0.008196566,239.32733,01087
45,2626276069,2017,1,18 or less,gen-z,male,male,USA,USA,white,high school,strongly liberal,NA,NA,NA,NA,TX,19100,"Dallas-Fort Worth-Arlington, TX MSA",85,85,TX 85,5,slightly biased,strongly biased towards european americans,0.618207394,0.618207394,moderately biased towards european americans,6,0.578365,48,TX,85,33100,Dallas,132067.5,31.563063,0.46714833,0.48123986,0.16957964,92023.61446,52267.57258,0.069144987,0.04321919,0.051890608,0.089305043,0.14744721,0.09580756,0.046303615,0.78413665,0.095418781,0.052128438,4.3545523,1156.7041,0.20241424,0.11819918,0.15502946,0.2066627,0.73429716,80.02314,0.007189777,0.36921111,930.00427,584.47412,0.029054351,514.19421,01089
46,16989259,2012,1,18 or less,millenial,female,NA,USA,USA,white,high school,neutral,NA,NA,NA,NA,CO,22660,"Fort Collins-Loveland, CO MSA",69,69,CO 69,2,moderately biased,moderately biased towards african americans,0.012986402,-0.012986402,neutral,4,0.284661,8,CO,69,28800,Fort Collins,91675.813,23.000856,0.40148529,0.43402416,0.052434526,64680.97849,31978.57445,0.13907152,0.087871999,0.1111038,0.011857959,0.10555685,0.01671489,0.008495183,0.87813359,0.08008416,0.014025808,4.4462705,983.48883,0.2469594,0.16740207,0.22707006,0.36096725,0.69110721,81.239372,0.042358965,0.1554684,115.41988,96.877502,0.00541818,63.191833,01091
47,9445653,2008,0,51 to 70,silent,female,NA,USA,USA,white,bachelor's degree,moderately liberal,NA,NA,NA,NA,ID,99012,ID NONMETROPOLITAN AREA,17,17,ID 17,5,slightly biased,strongly biased towards european americans,0.081376702,0.081376702,neutral,4,0.120744,16,ID,17,38601,Spokane,59800.137,27.422665,0.16911855,0.22581649,0.028410921,43430.92128,22036.61631,0.14180438,0.15326928,0.15441012,0.003449373,0.022286372,0.00373587,0.002323525,0.95592737,0.016344342,0.002496255,3.4800892,722.57892,0.27733749,0.18750536,0.24800313,0.36156949,0.55272222,82.015045,0.072562836,0.055556908,23.566044,21.235786,-0.00974623,9.6035223,01093
48,2614594118,2014,0,19 to 30,millenial,female,NA,USA,USA,white,master's degree,moderately conservative,NA,NA,NA,NA,NC,20500,"Durham, NC MSA",63,63,NC 63,4,neutral,neutral,0.581290065,0.581290065,moderately biased towards european americans,6,0.615762,37,NC,63,1701,Raleigh,81987.055,22.554853,0.41539466,0.41728339,0.14043052,57242.52813,34430.05554,0.1702792,0.12670186,0.1059745,0.38599408,0.13482344,0.036033388,0.37743464,0.50490594,0.069268331,0.033435039,2.8028383,912.75958,0.39113095,0.26980934,0.35106781,0.29459792,0.6598196,77.573914,0.043875758,0.57883978,935.70068,780.88641,0.01602249,492.8158,01095
49,21080686,2014,0,31 to 50,millenial,female,NA,USA,USA,white,PhD+,strongly liberal,NA,NA,NA,NA,WA,42660,"Seattle-Tacoma-Bellevue, WA MSA",33,NA,WA 33,4,neutral,neutral,0.227831389,0.227831389,slightly biased towards european americans,5,NA,53,WA,33,39400,Seattle,102477.52,28.489254,0.39446244,0.44656727,0.19846894,84242.34941,38444.27562,0.10512865,0.084552154,0.081610419,0.072840944,0.089257263,0.12712276,0.061579172,0.73749071,0.054138642,0.093793891,4.2284193,1323.8774,0.26497507,0.23420194,0.26998338,0.20802963,0.66959685,79.209801,0.043369196,0.35207734,912.87622,821.10291,0.015059717,510.35776,01097
50,10998947,2009,0,19 to 30,millenial,female,NA,USA,USA,black or african american,bachelor's degree,moderately conservative,NA,NA,NA,NA,IN,23060,"Fort Wayne, IN MSA",3,3,IN 3,1,strongly biased,strongly biased towards african americans,0.271119727,-0.271119727,slightly biased towards african americans,1,0.408551,18,IN,3,14100,Fort Wayne,84150.938,21.977129,0.23616424,0.25937045,0.054003932,53656.42469,37262.45104,0.12468699,0.083511144,0.065120436,0.13046218,0.064990476,0.013102219,0.10711382,0.82911927,0.037783597,0.010741178,3.7494149,702.92151,0.33266073,0.1906755,0.28069994,0.28539446,0.67283577,82.549538,0.026647631,0.23510605,540.57971,504.86002,-0.004448747,245.01187,01099
51,2625200372,2016,1,51 to 70,boomers,male,male,not USA,not USA,white,bachelor's degree,strongly conservative,NA,NA,NA,NA,PA,38300,"Pittsburgh, PA MSA",129,129,PA 129,4,neutral,neutral,1.056589465,1.056589465,strongly biased towards european americans,7,0.133559,42,PA,129,16300,Pittsburgh,70859.625,26.804159,0.20527007,0.24005184,0.015855154,56697.64111,27720.52423,0.097480997,0.084783085,0.10216481,0.030613223,0.008705558,0.006527902,0.021162286,0.96387672,0.004943702,0.004956519,3.9972966,699.44012,0.26502579,0.15578236,0.21295677,0.31317484,0.56526768,86.118629,0.06040651,0.052189533,355.37695,360.15897,-0.000388315,168.69965,01101
52,2627672555,2017,1,18 or less,gen-z,female,female,USA,USA,white,high school,moderately liberal,NA,NA,NA,NA,NJ,45940,"Trenton-Ewing, NJ MSA",21,NA,NJ 21,4,neutral,neutral,0.596251191,0.596251191,moderately biased towards european americans,6,NA,34,NJ,21,19600,Newark,111597.7,28.392735,0.34695178,0.38381395,0.19828278,85314.13428,45759.27568,0.099971361,0.081137277,0.06449791,0.20309511,0.15093052,0.079668581,0.18689699,0.65237838,0.096580237,0.047901481,3.4531047,1314.5852,0.30287799,0.20019634,0.27503648,0.30989537,0.61302799,77.532959,-0.046930928,0.45456505,1632.1384,1561.9503,-0.000963804,799.56805,01103
53,2621958014,2016,0,19 to 30,millenial,male,male,not USA,not USA,white,NA,slightly conservative,parents biased towards white,parents biased towards black,parents biased towards black or white,NA,MI,99022,MI NONMETROPOLITAN AREA,5,5,MI 5,4,neutral,neutral,0.457100741,0.457100741,moderately biased towards european americans,6,0.174189,26,MI,5,12200,Grand Rapids,78555.609,24.416868,0.15356205,0.19193891,0.030870149,56187.85477,30752.99815,0.11857914,0.072325893,0.093772903,0.016856959,0.066907227,0.004088067,0.014422067,0.91292995,0.055138987,0.003564866,3.1728508,691.36603,0.24690348,0.17861122,0.22565676,0.31265023,0.66361815,87.363113,0.007685778,0.10289207,135.00203,128.04279,0.008818979,65.516121,01105
54,11762062,2009,0,19 to 30,millenial,female,NA,USA,USA,white,bachelor's degree,slightly liberal,NA,NA,NA,NA,VA,40060,"Richmond, VA MSA",41,NA,VA 41,4,neutral,neutral,0.510433152,0.510433152,moderately biased towards european americans,6,NA,51,VA,41,2400,Richmond,103168.23,27.695864,0.32518747,0.35411009,0.077724271,78149.95494,46552.95261,0.059353493,0.045724038,0.041509207,0.22742192,0.072300434,0.026468797,0.17548037,0.76245975,0.027906135,0.019329112,4.2967677,1014.0168,0.26103571,0.14900683,0.22246496,0.19620241,0.69626689,82.335449,-0.032383069,0.34608331,747.07123,613.99097,0.011688915,389.30453,01107
55,2625701058,2016,1,19 to 30,millenial,female,female,not USA,not USA,multiracial,master's degree,moderately conservative,NA,NA,NA,NA,LA,35380,"New Orleans-Metairie-Kenner, LA MSA",71,71,LA 71,5,slightly biased,strongly biased towards european americans,0.664029063,0.664029063,strongly biased towards european americans,7,0.538532,22,LA,71,3300,New Orleans,65031.945,26.665768,0.28307268,0.30584303,0.060191207,44888.40719,23301.56409,0.24125281,0.25311235,0.26828352,0.6040532,0.052499935,0.02872883,0.60649449,0.32523957,0.033893012,0.024463879,2.3015764,1012.2731,0.52702743,0.42789531,0.49616393,0.25752226,0.53367227,65.542244,0.088053904,0.69528461,2030.5621,2847.26,-0.015176794,948.72186,01109
56,2620443365,2016,0,19 to 30,gen-z,female,female,not USA,not USA,black or african american,NA,moderately liberal,NA,NA,NA,NA,PA,37980,"Philadelphia-Camden-Wilmington, PA-NJ-DE-MD MSA",101,101,PA 101,4,neutral,neutral,0.600091257,0.600091257,moderately biased towards european americans,6,0.649776,42,PA,101,19700,Philadelphia,58411.484,33.858364,0.17234465,0.21464297,0.11521541,41509.51003,25213.50651,0.2556366,0.23018655,0.19695778,0.4341844,0.12294251,0.050143622,0.41679817,0.43893901,0.085890643,0.038243312,1.6863093,991.56769,0.52730185,0.38595504,0.49406564,0.15828025,0.49481606,72.604538,0.034118567,0.63133502,11532.432,11468.526,0.00960888,4671.2251,01111
57,234847,2003,0,19 to 30,millenial,male,NA,USA,NA,white,bachelor's degree,NA,NA,NA,NA,NA,MN,33460,"Minneapolis-St. Paul-Bloomington, MN-WI MSA",53,53,MN 53,3,slightly biased,slightly biased towards african americans,0.002065051,0.002065051,neutral,4,0.072121,27,MN,53,21501,Minneapolis,101709.2,23.968409,0.39061102,0.4334324,0.12579344,74161.69151,39287.89327,0.12394158,0.084467612,0.093788795,0.13156605,0.067402214,0.037970915,0.096709266,0.7945143,0.040090848,0.028647739,4.1276755,1136.7166,0.31983638,0.24513866,0.29201812,0.25283679,0.70709366,84.230469,0.00182278,0.28266916,2081.7075,2016.2712,0.001374766,1149.3905,01113
58,14583623,2011,0,31 to 50,gen-x,female,NA,USA,USA,white,bachelor's degree,neutral,NA,NA,NA,NA,MN,33460,"Minneapolis-St. Paul-Bloomington, MN-WI MSA",53,53,MN 53,4,neutral,neutral,0.085901245,-0.085901245,neutral,4,0.072121,27,MN,53,21501,Minneapolis,101709.2,23.968409,0.39061102,0.4334324,0.12579344,74161.69151,39287.89327,0.12394158,0.084467612,0.093788795,0.13156605,0.067402214,0.037970915,0.096709266,0.7945143,0.040090848,0.028647739,4.1276755,1136.7166,0.31983638,0.24513866,0.29201812,0.25283679,0.70709366,84.230469,0.00182278,0.28266916,2081.7075,2016.2712,0.001374766,1149.3905,01115
59,2633602757,2018,1,19 to 30,gen-z,male,male,NA,NA,white,bachelor's degree,slightly conservative,NA,NA,NA,NA,OH,99034,OH NONMETROPOLITAN AREA,59,59,OH 59,4,neutral,neutral,0.388678191,-0.388678191,moderately biased towards african americans,2,0.039476,39,OH,59,15400,Zanesville,55358.891,24.627584,0.09881112,0.11042713,0.011337374,42645.28755,21193.4349,0.17387478,0.15889837,0.1720784,0.024821015,0.008706064,0.002389514,0.020141646,0.95930117,0.006134626,0.002862831,3.3502054,632.09521,0.35233724,0.20885189,0.29583982,0.35565186,0.54137808,83.459702,0.058339775,0.045176741,76.757668,78.10759,-0.008833694,32.43058,01117
60,2633843622,2018,2,18 or less,gen-z,female,female,NA,NA,white,high school,strongly liberal,NA,NA,NA,NA,MI,24340,"Grand Rapids-Wyoming, MI MSA",81,NA,MI 81,4,neutral,neutral,0.301696686,-0.301696686,slightly biased towards african americans,1,NA,26,MI,81,12200,Grand Rapids,86165.297,22.137821,0.2598922,0.29766575,0.071911573,59145.25167,34994.84301,0.1421802,0.083754137,0.083775595,0.1067203,0.096971236,0.020497605,0.085543878,0.81827742,0.063890353,0.017778348,2.717057,802.1568,0.31272286,0.20669134,0.26554078,0.31469458,0.67659461,83.855469,0.070410952,0.24037124,711.52435,678.12549,0.003392207,361.54886,01119
61,2632558416,2018,1,31 to 50,gen-x,female,female,NA,NA,white,master's degree,moderately liberal,NA,NA,NA,NA,VA,47900,"Washington-Arlington-Alexandria, DC-VA-MD-WV MSA",59,59,VA 59,4,neutral,neutral,0.328705398,-0.328705398,slightly biased towards african americans,1,0.532569,51,VA,59,11304,Washington DC,144622.17,33.239258,0.54478264,0.57558906,0.2899645,124324.5952,61349.94595,0.052136462,0.045069333,0.034354903,0.096809171,0.15575294,0.14713004,0.092714369,0.6404236,0.1092318,0.11462004,4.1255097,1740.1252,0.19046675,0.15798371,0.17614149,0.15657249,0.6983273,80.059464,-0.13963635,0.45400035,2794.4861,2505.1782,0.011382177,1526.1799,01121
62,2622887910,2016,0,19 to 30,millenial,female,female,not USA,not USA,white,NA,moderately liberal,NA,NA,NA,NA,CA,31100,"Los Angeles-Long Beach-Santa Ana, CA MSA",59,59,CA 59,4,neutral,neutral,0.016374533,-0.016374533,neutral,4,0.663094,6,CA,59,38300,Los Angeles,109789.8,28.947903,0.30752227,0.35066748,0.30474856,81833.63488,48697.94497,0.10259308,0.10026111,0.080979876,0.018576309,0.33650994,0.16374493,0.017971711,0.52251643,0.29367536,0.12712039,3.0700145,1635.5653,0.24128762,0.18664758,0.21616045,0.22994871,0.62455523,76.93557,-0.008670226,0.55867225,3807.6729,3600.2981,-0.003027199,1849.6401,01123
63,10374293,2009,0,51 to 70,boomers,male,NA,USA,USA,white,bachelor's degree,strongly conservative,NA,NA,NA,NA,MD,12580,"Baltimore-Towson, MD MSA",5,5,MD 5,NA,NA,NA,0.074083404,0.074083404,neutral,4,0.552251,24,MD,5,11302,Baltimore,93622.109,29.099094,0.30513936,0.34582114,0.1025884,73987.64561,42266.80907,0.088272952,0.068517454,0.055265944,0.26872075,0.041905321,0.04056415,0.20773268,0.73115528,0.018540455,0.028649947,4.214942,1230.8578,0.33317304,0.20423476,0.29688281,0.20512928,0.64311814,80.20224,0.085569374,0.37324494,1359.5271,1273.8395,0.004589746,688.34375,01125
64,15655065,2011,1,19 to 30,millenial,female,NA,USA,USA,other or unknown,MD,slightly liberal,NA,NA,NA,NA,OH,17140,"Cincinnati-Middletown, OH-KY-IN MSA",61,61,OH 61,4,neutral,neutral,0.114118083,-0.114118083,slightly biased towards african americans,1,0.092884,39,OH,61,12701,Cincinnati,85288.289,24.554134,0.29186288,0.32030016,0.046411697,57218.51366,34232.94326,0.15657766,0.11313433,0.11576395,0.26781651,0.025682537,0.017337913,0.22277771,0.74054575,0.011173955,0.014737141,3.4734886,836.94305,0.39302242,0.26484865,0.34745884,0.25578514,0.62411106,80.295052,0.046222683,0.3241643,1976.7385,2082.499,-0.007051091,919.11218,01127
65,1416025,2004,0,19 to 30,millenial,male,NA,USA,USA,white,high school,neutral,NA,NA,NA,NA,NC,20500,"Durham, NC MSA",63,63,NC 63,3,slightly biased,slightly biased towards african americans,0.018265728,-0.018265728,neutral,4,0.651831,37,NC,63,1701,Raleigh,81987.055,22.554853,0.41539466,0.41728339,0.14043052,57242.52813,34430.05554,0.1702792,0.12670186,0.1059745,0.38599408,0.13482344,0.036033388,0.37743464,0.50490594,0.069268331,0.033435039,2.8028383,912.75958,0.39113095,0.26980934,0.35106781,0.29459792,0.6598196,77.573914,0.043875758,0.57883978,935.70068,780.88641,0.01602249,492.8158,01129
66,11445416,2009,1,31 to 50,gen-x,female,NA,USA,USA,white,bachelor's degree,neutral,NA,NA,NA,NA,CO,14500,"Boulder, CO MSA",13,13,CO 13,4,neutral,neutral,0.449933251,0.449933251,moderately biased towards european americans,6,0.360671,8,CO,13,28900,Denver,106012.48,23.744404,0.53233087,0.5719403,0.11199535,77515.89492,37590.09192,0.13164347,0.097921833,0.10200386,0.011712106,0.1333347,0.03414781,0.010569597,0.8352809,0.10563523,0.025358967,4.3933187,1231.4741,0.2493021,0.20002966,0.23946714,0.35550568,0.70706451,81.040207,-0.12686104,0.20649292,405.57767,370.48535,0.004550049,227.43532,01131
67,2627983298,2017,5,31 to 50,gen-x,female,female,USA,USA,white,bachelor's degree,neutral,NA,NA,NA,NA,OH,17460,"Cleveland-Elyria-Mentor, OH MSA",103,103,OH 103,5,slightly biased,strongly biased towards european americans,0.281356108,0.281356108,slightly biased towards european americans,5,0.108015,39,OH,103,15200,Cleveland,96122.711,28.084215,0.25144315,0.297416,0.031574517,71492.3134,38397.12395,0.062779568,0.045223709,0.056315567,0.01574867,0.015940161,0.0085006,0.01126179,0.96580046,0.009193203,0.005939489,4.4258366,884.54309,0.21093945,0.13025951,0.1588497,0.24539235,0.6841464,84.984947,-0.02917568,0.04954391,408.99188,358.59238,0.004023233,212.5105,01133
68,11242258,2009,0,19 to 30,millenial,male,NA,USA,USA,white,bachelor's degree,strongly conservative,NA,NA,NA,NA,NH,99029,NH NONMETROPOLITAN AREA,9,9,NH 9,NA,NA,NA,0.969330835,0.969330835,strongly biased towards european americans,7,0.160784,33,NH,9,20302,Claremont,79080.078,22.244802,0.3455165,0.37814385,0.05606341,62057.10147,31611.91898,0.10160627,0.091767721,0.099149793,0.012197311,0.017953724,0.026630521,0.007380125,0.95129216,0.011087167,0.014437973,4.6583161,929.65283,0.28262797,0.19268987,0.25654852,0.42703816,0.64174455,79.34214,0.059959896,0.076572634,52.153885,47.837868,0.002957586,27.109276,02013
69,13395895,2010,4,19 to 30,millenial,male,NA,USA,USA,white,master's degree,neutral,NA,NA,NA,NA,OK,46140,"Tulsa, OK MSA",143,143,OK 143,6,moderately biased,moderately biased towards european americans,0.837506467,0.837506467,strongly biased towards european americans,7,0.552901,40,OK,143,30402,Tulsa,77758.477,21.173857,0.26855594,0.27906471,0.074287586,55933.85638,31867.45778,0.15164819,0.10995398,0.12084498,0.11983699,0.11034416,0.01678827,0.10526171,0.73712742,0.057527818,0.013468491,2.8397398,825.86578,0.34684491,0.22111404,0.299595,0.3325063,0.64615154,76.891197,0.082163319,0.34802943,1058.147,987.81927,0.007051646,517.64417,02016
70,3900629,2006,1,18 or less,millenial,female,NA,USA,USA,white,high school,slightly conservative,NA,NA,NA,NA,TX,26420,"Houston-Sugar Land-Baytown, TX MSA",201,201,TX 201,3,slightly biased,slightly biased towards african americans,0.112957074,0.112957074,slightly biased towards european americans,5,0.577508,48,TX,201,32000,Houston,86148.367,30.418102,0.25931084,0.26260099,0.24926619,62955.05272,35437.18616,0.16566418,0.13559902,0.13538425,0.189457,0.40844393,0.051969234,0.1761504,0.45157313,0.30737552,0.045831598,3.1617734,981.284,0.32697034,0.23497522,0.27452445,0.19735295,0.62548393,76.525093,0.020882221,0.67021149,2402.4194,1996.1678,0.022327749,1212.9613,02020
71,6535279,2007,0,31 to 50,gen-x,male,NA,USA,USA,white,bachelor's degree,neutral,NA,NA,NA,NA,NY,99031,NY NONMETROPOLITAN AREA,101,101,NY 101,4,neutral,neutral,0.733401914,0.733401914,strongly biased towards european americans,7,0.284601,36,NY,101,18100,Elmira,65875.891,22.802544,0.17831038,0.19934207,0.024108209,49325.32082,25878.63855,0.13513374,0.13186236,0.13503017,0.020951612,0.013849884,0.01009935,0.015975267,0.95864695,0.008095183,0.008288165,2.9343429,671.00067,0.30471632,0.20704903,0.31097779,0.42128706,0.57951456,83.80719,0.15724418,0.055702601,71.187096,70.997559,0.001417814,30.081385,02050
72,7186875,2007,0,31 to 50,gen-x,female,NA,USA,USA,white,bachelor's degree,neutral,NA,NA,NA,NA,TX,99041,TX NONMETROPOLITAN AREA,495,495,TX 495,4,neutral,neutral,0.523097922,0.523097922,moderately biased towards european americans,6,0.51668,48,TX,495,31402,Pecos,54023.859,24.497581,0.10518549,0.097867906,0.13527426,57772.09198,23151.18831,0.16361606,0.18644522,0.21645077,0.020112518,0.53783405,0.002250352,0.019050175,0.53373688,0.43942744,0.004002287,1.8657168,594.61212,0.35525504,0.14907835,0.220889,0.56024349,0.4788563,79.689186,0.28971034,0.57468355,8.4531555,8.5280571,0.009666215,3.7415023,02060
73,2631003321,2017,1,19 to 30,millenial,female,female,not USA,USA,black or african american,master's degree,strongly liberal,NA,NA,NA,NA,TX,19100,"Dallas-Fort Worth-Arlington, TX MSA",113,113,TX 113,1,strongly biased,strongly biased towards african americans,0.07433222,-0.07433222,neutral,4,0.455449,48,TX,113,33100,Dallas,85499.898,29.089075,0.25639936,0.26346788,0.22826901,58135.16311,34899.76521,0.17519912,0.12981535,0.1232516,0.22507885,0.38255355,0.041673727,0.2061816,0.45768929,0.28167069,0.035683796,2.8002172,956.5224,0.3570585,0.2513887,0.30848911,0.21830361,0.63922232,74.485748,0.0389168,0.66864574,2751.1516,2577.7778,0.008127875,1323.998,02068
74,2633650709,2018,1,31 to 50,gen-x,male,male,NA,NA,white,master's degree,slightly conservative,NA,NA,NA,NA,KY,99017,KY NONMETROPOLITAN AREA,175,NA,KY 175,4,neutral,neutral,0.25131721,0.25131721,slightly biased towards european americans,5,NA,21,KY,175,4501,West Liberty,47077.219,30.788465,0.076999873,0.11457133,0.005174224,32823.63463,13616.67606,0.23636405,0.26818532,0.37271097,0.045177046,0.007756949,0.003702398,0.045412749,0.94058418,0.006114932,0.001222437,3.6476626,473.17004,0.28545749,0.16026466,0.21093445,0.38169068,0.39203346,83.4384,-0.17692462,0.06284564,36.531227,36.596821,-0.002811588,11.859595,02070
75,4299692,2006,0,31 to 50,boomers,male,NA,USA,USA,white,MD,moderately conservative,NA,NA,NA,NA,VA,47900,"Washington-Arlington-Alexandria, DC-VA-MD-WV MSA",59,59,VA 59,3,slightly biased,slightly biased towards african americans,0.60897345,0.60897345,moderately biased towards european americans,6,0.348652,51,VA,59,11304,Washington DC,144622.17,33.239258,0.54478264,0.57558906,0.2899645,124324.5952,61349.94595,0.052136462,0.045069333,0.034354903,0.096809171,0.15575294,0.14713004,0.092714369,0.6404236,0.1092318,0.11462004,4.1255097,1740.1252,0.19046675,0.15798371,0.17614149,0.15657249,0.6983273,80.059464,-0.13963635,0.45400035,2794.4861,2505.1782,0.011382177,1526.1799,02090
76,6237078,2007,0,31 to 50,gen-x,male,NA,USA,USA,black or african american,PhD+,moderately liberal,NA,NA,NA,NA,FL,45220,"Tallahassee, FL MSA",73,73,FL 73,NA,NA,NA,0.724880921,-0.724880921,strongly biased towards african americans,3,0.459528,12,FL,73,9900,Tallahassee,76374.984,23.080769,0.39671558,0.40872359,0.063725859,54227.53973,31283.98483,0.22003606,0.17886108,0.17228989,0.30869696,0.055759437,0.026075488,0.293277,0.64152193,0.035089977,0.017053226,3.5211546,897.46375,0.42646,0.29860207,0.39044148,0.29995808,0.63694698,76.470886,0.055706184,0.40656728,413.11502,359.07864,0.008730809,208.79414,02100
77,6554157,2007,0,31 to 50,boomers,female,NA,USA,USA,white,high school,moderately conservative,NA,NA,NA,NA,MN,33460,"Minneapolis-St. Paul-Bloomington, MN-WI MSA",53,53,MN 53,NA,NA,NA,0.583299549,0.583299549,moderately biased towards european americans,6,0.072121,27,MN,53,21501,Minneapolis,101709.2,23.968409,0.39061102,0.4334324,0.12579344,74161.69151,39287.89327,0.12394158,0.084467612,0.093788795,0.13156605,0.067402214,0.037970915,0.096709266,0.7945143,0.040090848,0.028647739,4.1276755,1136.7166,0.31983638,0.24513866,0.29201812,0.25283679,0.70709366,84.230469,0.00182278,0.28266916,2081.7075,2016.2712,0.001374766,1149.3905,02105
78,1619836,2005,0,19 to 30,millenial,male,NA,not USA,not USA,white,high school,NA,NA,NA,NA,NA,TX,41700,"San Antonio, TX MSA",29,29,TX 29,3,slightly biased,slightly biased towards african americans,0.597609056,0.597609056,moderately biased towards european americans,6,0.555597,48,TX,29,31301,San Antonio,78140.641,25.90934,0.23986003,0.25171265,0.12672378,56616.86713,30808.38718,0.16890016,0.14226869,0.15973884,0.07457722,0.58722526,0.021045007,0.073373571,0.39181882,0.50440049,0.016134987,2.958662,925.1131,0.34920961,0.22614692,0.29567766,0.22197831,0.58735728,76.190109,0.06533201,0.69726431,1387.3186,1126.9375,0.021627864,649.24335,02110
79,2618289174,2015,0,19 to 30,millenial,female,female,USA,USA,white,NA,moderately liberal,parents biased towards white,parents biased towards black,parents biased towards black or white,NA,OR,21660,"Eugene-Springfield, OR MSA",39,NA,OR 39,4,neutral,neutral,0.453790078,-0.453790078,moderately biased towards african americans,2,NA,41,OR,39,38901,Eugene,69830.891,21.143282,0.25964725,0.28774151,0.056458216,47667.36962,26820.74691,0.17149907,0.14671806,0.14404909,0.01580541,0.074398302,0.020995809,0.011925097,0.88650024,0.045448199,0.017729523,3.2357821,844.57855,0.33284757,0.24825095,0.32052618,0.38492915,0.60257876,79.78624,0.006428505,0.15326898,77.247017,70.933044,-0.003924448,33.849968,02122
80,6771938,2007,0,31 to 50,gen-x,male,NA,USA,USA,white,MBA,moderately liberal,NA,NA,NA,NA,CA,41860,"San Francisco-Oakland-Fremont, CA MSA",75,75,CA 75,4,neutral,neutral,0.256481086,0.256481086,slightly biased towards european americans,5,0.679829,6,CA,75,37800,San Francisco,108677.15,32.835808,0.43390179,0.49837339,0.35657895,90661.26813,34689.47107,0.1217569,0.11626389,0.12736367,0.066763118,0.15122791,0.31567353,0.084348142,0.4361378,0.13887328,0.29801804,3.3369303,1874.3391,0.26372808,0.27856579,0.26218426,0.15044333,0.62598628,77.236473,-0.022409569,0.58092856,17237.922,16627.77,0.023972303,10413.248,02130
81,18868074,2013,0,31 to 50,gen-x,male,NA,USA,USA,white,bachelor's degree,strongly liberal,NA,NA,NA,NA,OR,38900,"Portland-Vancouver-Beaverton, OR-WA MSA",51,51,OR 51,4,neutral,neutral,0.664632826,0.664632826,strongly biased towards european americans,7,0.463244,41,OR,51,38801,Portland,78047.227,25.620581,0.29380432,0.36226693,0.1379059,61384.81845,28736.96777,0.1619425,0.12947826,0.13348691,0.066751979,0.10898177,0.052327998,0.063039772,0.767492,0.075070612,0.045808014,3.1042304,1060.7498,0.35264587,0.294563,0.33956558,0.23435126,0.64466757,77.818207,0.054039478,0.27882704,1704.9641,1531.4115,0.014619942,889.82819,02150
82,3754107,2006,1,19 to 30,millenial,female,NA,USA,USA,white,bachelor's degree,NA,NA,NA,NA,NA,AZ,38060,"Phoenix-Mesa-Scottsdale, AZ MSA",13,13,AZ 13,2,moderately biased,moderately biased towards african americans,0.035945045,0.035945045,neutral,4,0.571908,4,AZ,13,35001,Phoenix,87085.352,28.774229,0.24099492,0.28014687,0.15783997,61673.77731,34279.27942,0.13974999,0.10939498,0.12313591,0.054241721,0.29570511,0.030151838,0.037874382,0.67265862,0.24329975,0.017986612,3.460727,947.11792,0.32326698,0.21724987,0.26717901,0.2277379,0.61964482,76.763077,0.002990651,0.41315526,472.97501,380.66537,0.004566279,193.6635,02158
83,2621796270,2016,0,19 to 30,millenial,female,female,not USA,not USA,white,NA,moderately liberal,NA,NA,NA,NA,WI,16980,"Chicago-Naperville-Joliet, IL-IN-WI MSA",59,59,WI 59,4,neutral,neutral,0.665724961,0.665724961,strongly biased towards european americans,7,0.382821,55,WI,59,24000,Kenosha,82590.438,27.195215,0.19624756,0.22559442,0.061748795,58220.22992,32244.81183,0.11647149,0.071631163,0.094122447,0.075138502,0.11772199,0.012194785,0.053584952,0.85550183,0.068369865,0.009095774,3.1416605,903.16455,0.31291682,0.20743921,0.27329361,0.32237074,0.6486271,81.596581,-0.028369457,0.21952099,611.88281,549.93304,0.003922843,295.73883,02164
84,6025995,2007,0,31 to 50,gen-x,female,NA,not USA,USA,white,bachelor's degree,slightly conservative,NA,NA,NA,NA,TN,34980,"Nashville-Davidson-Murfreesboro-Franklin, TN MSA",37,37,TN 37,5,slightly biased,strongly biased towards european americans,0.440305331,-0.440305331,moderately biased towards african americans,2,0.06651,47,TN,37,5600,Nashville,77919.648,24.436308,0.30380994,0.3352254,0.11484291,54901.64403,30930.4777,0.17747632,0.12656161,0.11865009,0.28465679,0.097524896,0.021106582,0.25134674,0.66352892,0.045415472,0.017905762,2.8605986,943.73676,0.40868384,0.28572422,0.35922539,0.23197451,0.64715207,76.57151,0.032531206,0.42573175,1262.0245,1147.6754,0.016884327,660.98383,02170
85,9454986,2008,0,31 to 50,gen-x,male,NA,USA,not USA,white,MD,slightly liberal,NA,NA,NA,NA,NC,49180,"Winston-Salem, NC MSA",67,NA,NC 67,5,slightly biased,strongly biased towards european americans,0.490879058,0.490879058,moderately biased towards european americans,6,NA,37,NC,67,401,Winston-Salem,80788.719,22.403002,0.28009894,0.30625629,0.088334657,51025.0643,32929.69239,0.15568399,0.10745753,0.096561097,0.26485869,0.1191291,0.015609785,0.24345958,0.67392558,0.063425779,0.009437365,3.5147295,727.06824,0.37660408,0.25205928,0.32340801,0.31939802,0.63386452,79.809242,-0.005471136,0.41274133,859.17151,749.89148,0.004437913,401.98065,02180
86,5475306,2007,4,19 to 30,gen-x,female,NA,USA,USA,white,master's degree,NA,NA,NA,NA,NA,IN,14020,"Bloomington, IN MSA",105,105,IN 105,5,slightly biased,strongly biased towards european americans,0.540447024,0.540447024,moderately biased towards european americans,6,0.109643,18,IN,105,14600,Bloomington,64382.883,19.236109,0.44974405,0.46227232,0.070402294,45908.77552,25328.60132,0.29766649,0.22156942,0.21768025,0.040710568,0.029201154,0.045603458,0.0350384,0.89678365,0.018661916,0.029525269,4.0505109,846.74658,0.33481807,0.28298569,0.31796223,0.44998577,0.62169981,78.180138,0.16487715,0.13870004,349.73511,305.60187,-0.001386034,157.40031,02185
87,10000325,2009,1,31 to 50,gen-x,female,NA,USA,USA,white,master's degree,strongly liberal,NA,NA,NA,NA,MI,19820,"Detroit-Warren-Livonia, MI MSA",163,NA,MI 163,NA,NA,NA,0.048433608,-0.048433608,neutral,4,NA,26,MI,163,11600,Detroit,80166.43,27.016464,0.17906491,0.20055783,0.078132212,47421.62884,32542.79789,0.20925146,0.14614001,0.16508894,0.4137848,0.05232387,0.019397194,0.36571774,0.55697095,0.037928347,0.016187463,1.9805574,829.16364,0.44425896,0.35189372,0.39413175,0.23284833,0.56327373,78.040016,-0.001608537,0.50445569,2991.002,3386.3154,-0.021680092,1122.8796,02188
88,2619695307,2015,0,19 to 30,millenial,trans female,trans female,USA,USA,white,NA,strongly liberal,parents not biased,parents not biased,parents not biased,NA,MI,19820,"Detroit-Warren-Livonia, MI MSA",125,125,MI 125,5,slightly biased,strongly biased towards european americans,0.060313228,-0.060313228,neutral,4,0.430307,26,MI,125,11600,Detroit,119957.3,28.463892,0.3810159,0.42006144,0.11219814,77807.6973,48383.75395,0.086416848,0.053113911,0.054620434,0.14335117,0.034864709,0.049737755,0.096348353,0.82277137,0.023825858,0.037421122,3.6628137,1018.8437,0.25497934,0.16953015,0.20857388,0.22349511,0.6659258,84.442909,-0.015428979,0.24864724,1388.8546,1379.3826,-0.00501097,668.01587,02195
89,2615720118,2014,1,19 to 30,millenial,female,NA,USA,USA,white,bachelor's degree,strongly liberal,NA,NA,NA,NA,CA,41860,"San Francisco-Oakland-Fremont, CA MSA",75,75,CA 75,4,neutral,neutral,0.196990993,-0.196990993,slightly biased towards african americans,1,0.679829,6,CA,75,37800,San Francisco,108677.15,32.835808,0.43390179,0.49837339,0.35657895,90661.26813,34689.47107,0.1217569,0.11626389,0.12736367,0.066763118,0.15122791,0.31567353,0.084348142,0.4361378,0.13887328,0.29801804,3.3369303,1874.3391,0.26372808,0.27856579,0.26218426,0.15044333,0.62598628,77.236473,-0.022409569,0.58092856,17237.922,16627.77,0.023972303,10413.248,02198
90,3910042,2006,1,18 or less,millenial,female,NA,NA,USA,other or unknown,high school,slightly conservative,NA,NA,NA,NA,MI,19820,"Detroit-Warren-Livonia, MI MSA",125,125,MI 125,4,neutral,neutral,0.247039165,0.247039165,slightly biased towards european americans,5,0.149496,26,MI,125,11600,Detroit,119957.3,28.463892,0.3810159,0.42006144,0.11219814,77807.6973,48383.75395,0.086416848,0.053113911,0.054620434,0.14335117,0.034864709,0.049737755,0.096348353,0.82277137,0.023825858,0.037421122,3.6628137,1018.8437,0.25497934,0.16953015,0.20857388,0.22349511,0.6659258,84.442909,-0.015428979,0.24864724,1388.8546,1379.3826,-0.00501097,668.01587,02220
91,5503562,2007,0,31 to 50,boomers,female,NA,USA,USA,black or african american,bachelor's degree,moderately conservative,NA,NA,NA,NA,IL,16980,"Chicago-Naperville-Joliet, IL-IN-WI MSA",31,NA,IL 31,2,moderately biased,moderately biased towards african americans,0.46535283,-0.46535283,moderately biased towards african americans,2,NA,17,IL,31,24300,Chicago,88215.008,35.032219,0.27228472,0.31884727,0.21202675,61202.66025,35351.62047,0.15265524,0.12633386,0.12570335,0.24969821,0.2396227,0.056553245,0.24227729,0.49812174,0.19617076,0.046330616,2.7050169,1102.7948,0.33798876,0.26135319,0.30707115,0.17005268,0.58785856,76.360603,0.005931606,0.56140506,5547.4424,5738.5098,0.001385274,2554.4504,02230
92,2108985,2005,2,19 to 30,millenial,female,NA,USA,USA,white,bachelor's degree,slightly liberal,NA,NA,NA,NA,IL,16980,"Chicago-Naperville-Joliet, IL-IN-WI MSA",31,NA,IL 31,4,neutral,neutral,0.294723384,0.294723384,slightly biased towards european americans,5,NA,17,IL,31,24300,Chicago,88215.008,35.032219,0.27228472,0.31884727,0.21202675,61202.66025,35351.62047,0.15265524,0.12633386,0.12570335,0.24969821,0.2396227,0.056553245,0.24227729,0.49812174,0.19617076,0.046330616,2.7050169,1102.7948,0.33798876,0.26135319,0.30707115,0.17005268,0.58785856,76.360603,0.005931606,0.56140506,5547.4424,5738.5098,0.001385274,2554.4504,02240
93,9995443,2009,0,19 to 30,millenial,male,NA,USA,USA,white,bachelor's degree,slightly liberal,NA,NA,NA,NA,VA,47900,"Washington-Arlington-Alexandria, DC-VA-MD-WV MSA",13,13,VA 13,4,neutral,neutral,0.74681527,0.74681527,strongly biased towards european americans,7,0.552435,51,VA,13,11304,Washington DC,121327.15,29.237196,0.61130846,0.69465148,0.23316787,119152.7469,47632.69251,0.07060346,0.076258183,0.0718318,0.089289926,0.15114604,0.068887562,0.092822842,0.62173438,0.17150697,0.070666403,4.6469264,2085.2273,0.26408723,0.22216345,0.23587504,0.16327719,0.71359342,80.946114,-0.10471914,0.35961604,7993.0322,7292.9873,0.018281344,5390.938,02261
94,3508030,2006,0,31 to 50,gen-x,male,NA,USA,USA,white,bachelor's degree,neutral,NA,NA,NA,NA,OR,99036,OR NONMETROPOLITAN AREA,27,27,OR 27,4,neutral,neutral,0.379150958,0.379150958,moderately biased towards european americans,6,0.197058,41,OR,27,38802,The Dalles,69885.664,20.109034,0.23122358,0.25579667,0.1729039,57386.00985,25146.25881,0.094910257,0.14153415,0.1548202,0.005996599,0.2948626,0.01307648,0.005252448,0.70814788,0.24893646,0.013495218,3.3532584,1031.5698,0.22026387,0.19768794,0.21910504,0.52557844,0.6210779,81.813606,-0.02244061,0.34153762,42.812531,39.105278,0.013787692,24.636459,02275
95,6432559,2007,0,19 to 30,millenial,female,NA,USA,USA,white,bachelor's degree,moderately liberal,NA,NA,NA,NA,TX,31180,"Lubbock, TX MSA",303,303,TX 303,4,neutral,neutral,0.679183036,0.679183036,strongly biased towards european americans,7,0.570089,48,TX,303,30802,Lubbock,64246.637,18.371315,0.24010246,0.26806718,0.051659442,49812.02477,26785.64502,0.19524838,0.17390239,0.17411812,0.075866744,0.31891719,0.017946055,0.071386471,0.64264828,0.26338702,0.01154062,2.9742179,780.8985,0.34439152,0.19476284,0.3081423,0.45050588,0.61846644,78.387794,0.060479891,0.4268392,312.37964,271.8219,0.00787083,156.50102,02282
96,3534644,2006,0,19 to 30,millenial,male,NA,USA,USA,white,bachelor's degree,slightly conservative,NA,NA,NA,NA,NM,10740,"Albuquerque, NM MSA",1,1,NM 1,3,slightly biased,slightly biased towards african americans,0.045545647,-0.045545647,neutral,4,0.591041,35,NM,1,34901,Albuquerque,75373.859,23.318335,0.2854943,0.30431655,0.11068848,52500.17744,30457.11536,0.15688731,0.13631694,0.13989578,0.030336691,0.47857869,0.020526277,0.028867537,0.46680337,0.43274039,0.016813975,2.6071255,841.99225,0.37526473,0.25974607,0.34906775,0.26566544,0.61376739,76.353424,0.058117319,0.58515406,570.76697,479.06363,0.004838723,257.54395,02290
97,2621356594,2016,0,18 or less,gen-z,female,female,not USA,not USA,white,NA,neutral,parents biased towards white,parents not biased,parents biased towards black or white,NA,IL,16980,"Chicago-Naperville-Joliet, IL-IN-WI MSA",111,111,IL 111,4,neutral,neutral,0.692487743,0.692487743,strongly biased towards european americans,7,0.300237,17,IL,111,24300,Chicago,112193.77,34.361401,0.28049985,0.32418233,0.097621135,81433.36665,45167.64252,0.061647065,0.036020759,0.033065178,0.013314549,0.1141631,0.02224504,0.0074114,0.89486033,0.07511688,0.013900036,3.3474524,1109.6393,0.18759978,0.10557684,0.14709765,0.22848694,0.71576208,85.165169,0.025847618,0.1625081,511.8938,431.18216,-0.000485484,252.84993,04001
98,696288,2003,NA,18 or less,millenial,female,NA,USA,NA,white,high school,NA,NA,NA,NA,NA,IL,16980,"Chicago-Naperville-Joliet, IL-IN-WI MSA",31,NA,IL 31,3,slightly biased,slightly biased towards african americans,0.470295859,0.470295859,moderately biased towards european americans,6,NA,17,IL,31,24300,Chicago,88215.008,35.032219,0.27228472,0.31884727,0.21202675,61202.66025,35351.62047,0.15265524,0.12633386,0.12570335,0.24969821,0.2396227,0.056553245,0.24227729,0.49812174,0.19617076,0.046330616,2.7050169,1102.7948,0.33798876,0.26135319,0.30707115,0.17005268,0.58785856,76.360603,0.005931606,0.56140506,5547.4424,5738.5098,0.001385274,2554.4504,04003
99,17738438,2012,0,19 to 30,millenial,female,NA,USA,USA,multiracial,bachelor's degree,neutral,NA,NA,NA,NA,CO,19740,"Denver-Aurora, CO MSA",1,1,CO 1,4,neutral,neutral,0.554228414,0.554228414,moderately biased towards european americans,6,0.572274,8,CO,1,28900,Denver,86055.891,29.374836,0.17461206,0.20083889,0.14931546,63833.1533,34404.50674,0.13613659,0.080433153,0.097528033,0.033559553,0.38015592,0.023235567,0.028687717,0.65808076,0.26484478,0.019365268,3.1625357,1037.3242,0.28340518,0.22752962,0.27068236,0.18204127,0.68120605,77.095551,0.030985571,0.46791574,386.85153,304.39471,0.016261956,190.21544,04005
100,19251990,2013,0,31 to 50,gen-x,male,NA,USA,USA,white,bachelor's degree,neutral,NA,NA,NA,NA,CA,40140," Riverside-San Bernardino-Ontario, CA MSA",65,65,CA 65,4,neutral,neutral,0.715171654,0.715171654,strongly biased towards european americans,7,0.624784,6,CA,65,38300,Los Angeles,81451.805,32.732098,0.16006768,0.1994096,0.22379355,62371.07843,35571.87693,0.13406983,0.13746311,0.10731578,0.067801066,0.45452976,0.051332641,0.064191945,0.52267534,0.35162356,0.031571228,2.3449244,1120.2061,0.2700327,0.19110921,0.25951493,0.24583896,0.54643703,75.448502,0.000830176,0.60310024,303.84335,214.44435,0.017364578,124.5715,04007
,,,,,,,,,,,,,,,,,,,,,,,,,,,,,,,,,,,,,,,,,,,,,,,,,,,,,,,,,,,,,,,,,,,
,,,,,,,,,,,,,,,,,,,,,,,,,,,,,,,,,,,,,,,,,,,,,,,,,,,,,,,,,,,,,,,,,,,
,,,,,,,,,,,,,,,,,,,,,,,,,,,,,,,,,,,,,,,,,,,,,,,,,,,,,,,,,,,,,,,,,,,
,,,,,,,,,,,,,,,,,,,,,,,,,,,,,,,,,,,,,,,,,,,,,,,,,,,,,,,,,,,,,,,,,,,
,,,,,,,,,,,,,,,,,,,,,,,,,,,,,,,,,,,,,,,,,,,,,,,,,,,,,,,,,,,,,,,,,,,
,,,,,,,,,,,,,,,,,,,,,,,,,,,,,,,,,,,,,,,,,,,,,,,,,,,,,,,,,,,,,,,,,,,
,,,,,,,,,,,,,,,,,,,,,,,,,,,,,,,,,,,,,,,,,,,,,,,,,,,,,,,,,,,,,,,,,,,
,,,,,,,,,,,,,,,,,,,,,,,,,,,,,,,,,,,,,,,,,,,,,,,,,,,,,,,,,,,,,,,,,,,
